[
    {
        "id": 6693430249,
        "username": "playpaydonatebot",
        "first_name": "PlayPayBot",
        "balance": 0
    },
    {
        "id": 1686153131,
        "username": "nematilla",
        "first_name": "\u041d\u0435\u043c\u0430\u0442\u0438\u043b\u043b\u0430",
        "balance": 5275.0
    },
    {
        "id": 5955250930,
        "username": null,
        "first_name": "\u041c\u0443\u0445\u0430\u043c\u043c\u0430\u0434\u0430\u043c\u0438\u043d",
        "balance": 110229.0
    },
    {
        "id": 1461279356,
        "username": "GraphicDessigner",
        "first_name": "axmedjanov.des",
        "balance": 0
    },
    {
        "id": 5137734646,
        "username": "akbarali_ff",
        "first_name": "AKBARALI ALMAZ SERVICE",
        "balance": 0,
        "purchases": []
    },
    {
        "id": 6652500744,
        "username": "warriors2028",
        "first_name": "Shah Kabir",
        "balance": 0,
        "purchases": []
    },
    {
        "id": 535400406,
        "username": "MUSLIM_1997",
        "first_name": "I\u03b2\u13a1\u032a\u0e51\u1dc2h\u179a\u10e0J\u0e51\u1dc2\u0e17",
        "balance": 0,
        "purchases": []
    },
    {
        "id": 1798203334,
        "username": "danater_Usmonbek",
        "first_name": "\ud83c\uddfa\ud83c\uddffUsmonbek [Danater\ud83d\udc8e] \uf8ff \u3164\u3164",
        "balance": 100,
        "purchases": []
    },
    {
        "id": 1483652923,
        "username": "bek95bek95",
        "first_name": "MeyerbekX$",
        "balance": 0,
        "purchases": []
    },
    {
        "id": 5236117914,
        "username": null,
        "first_name": "chen",
        "balance": 0,
        "purchases": []
    }
]